comuna,ica,fecha,id
comuna 16,67,2024-06-23,20110
comuna 4,32,2024-06-25,39420
comuna 15,82,2024-01-30,7196
comuna 3,13,2024-01-30,32868
comuna 13,91,2024-06-25,14899
comuna 16,69,2024-06-23,19846
comuna 4,38,2024-06-23,43037
comuna 3,41,2024-07-31,47671
comuna 1,99,2024-06-23,36139
comuna 15,27,2024-07-31,28423
comuna 15,91,2024-07-31,9326
comuna 13,29,2024-06-23,43696
comuna 5,23,2024-07-31,4054
comuna 5,40,2024-07-31,19025
comuna 10,67,2024-06-23,10548
comuna 9,51,2024-01-30,4554
comuna 5,77,2024-06-23,3816
comuna 4,40,2024-06-25,5674
comuna 7,24,2024-07-31,988
comuna 6,22,2024-01-30,12784
comuna 10,73,2024-07-31,1669
comuna 4,85,2024-06-23,34102
comuna 14,81,2024-01-30,13829
comuna 8,35,2024-06-25,6871
comuna 4,94,2024-06-23,20938
comuna 3,47,2024-07-31,16395
comuna 6,34,2024-06-25,29428
comuna 4,12,2024-01-30,45458
comuna 10,37,2024-07-31,18055
comuna 1,90,2024-07-31,9182
comuna 7,54,2024-06-25,7685
comuna 15,73,2024-07-31,10170
comuna 3,81,2024-06-23,34078
comuna 11,23,2024-06-25,18991
comuna 5,97,2024-01-30,45740
comuna 11,45,2024-07-31,228
comuna 14,37,2024-01-30,45886
comuna 10,36,2024-06-23,996
comuna 13,96,2024-06-23,5479
comuna 9,75,2024-06-23,2565
comuna 5,85,2024-07-31,1702
comuna 1,49,2024-06-23,48433
comuna 2,69,2024-06-23,12369
comuna 6,47,2024-06-23,7007
comuna 13,84,2024-01-30,8035
comuna 1,77,2024-06-25,43706
comuna 11,82,2024-01-30,19006
comuna 5,53,2024-06-25,29170
comuna 9,38,2024-06-25,44542
comuna 14,92,2024-01-30,20544
comuna 11,69,2024-06-23,2421
comuna 6,31,2024-06-25,10073
comuna 13,70,2024-06-25,41879
comuna 8,81,2024-07-31,42501
comuna 1,30,2024-07-31,26174
comuna 13,69,2024-01-30,15811
comuna 1,23,2024-06-23,11719
comuna 16,89,2024-07-31,48253
comuna 8,40,2024-07-31,3543
comuna 14,53,2024-06-25,16704
comuna 16,79,2024-07-31,1276
comuna 4,94,2024-07-31,7541
comuna 3,78,2024-01-30,36874
comuna 7,36,2024-01-30,9259
comuna 11,78,2024-07-31,16303
comuna 1,11,2024-07-31,1986
comuna 1,90,2024-07-31,31783
comuna 10,27,2024-06-25,42799
comuna 15,13,2024-06-23,26425
comuna 14,16,2024-06-23,10418
comuna 8,18,2024-06-23,47076
comuna 6,78,2024-07-31,26744
comuna 13,90,2024-07-31,21861
comuna 1,54,2024-06-23,32658
comuna 14,65,2024-01-30,37508
comuna 3,69,2024-06-23,28716
comuna 2,16,2024-01-30,39251
comuna 6,99,2024-06-25,49755
comuna 13,84,2024-01-30,36562
comuna 4,22,2024-07-31,18627
comuna 4,58,2024-01-30,5188
comuna 6,55,2024-06-25,6157
comuna 5,28,2024-06-25,32937
comuna 12,28,2024-06-23,32275
comuna 1,66,2024-06-25,26784
comuna 2,59,2024-07-31,33871
comuna 3,43,2024-07-31,49303
comuna 11,93,2024-06-23,30791
comuna 12,62,2024-06-23,33521
comuna 14,96,2024-06-23,45249
comuna 13,17,2024-07-31,28521
comuna 3,14,2024-06-25,2000
comuna 1,33,2024-07-31,49792
comuna 11,22,2024-01-30,29159
comuna 16,43,2024-06-23,17175
comuna 4,89,2024-01-30,1489
comuna 5,34,2024-06-23,26912
comuna 16,13,2024-06-25,16775
comuna 11,93,2024-06-23,36436
comuna 10,100,2024-06-25,24045
comuna 8,48,2024-06-25,13910
comuna 3,50,2024-06-25,24667
comuna 4,75,2024-07-31,35807
comuna 12,21,2024-06-23,44617
comuna 8,84,2024-07-31,30724
comuna 5,18,2024-07-31,2525
comuna 1,92,2024-07-31,45935
comuna 14,94,2024-06-23,21706
comuna 6,59,2024-06-25,26665
comuna 12,100,2024-01-30,5868
comuna 6,73,2024-07-31,44139
comuna 11,59,2024-06-23,3788
comuna 6,39,2024-06-25,15918
comuna 9,12,2024-07-31,27716
comuna 14,44,2024-07-31,42739
comuna 13,33,2024-01-30,28099
comuna 10,71,2024-01-30,29159
comuna 12,57,2024-01-30,12900
comuna 14,49,2024-01-30,39629
comuna 14,86,2024-01-30,28948
comuna 1,54,2024-01-30,8106
comuna 9,40,2024-06-23,28064
comuna 16,67,2024-06-23,17092
comuna 1,88,2024-06-25,31593
comuna 14,51,2024-01-30,36445
comuna 11,31,2024-01-30,25281
comuna 15,100,2024-06-23,31388
comuna 10,10,2024-06-23,47927
comuna 10,18,2024-06-23,549
comuna 11,45,2024-06-25,16719
comuna 11,48,2024-01-30,31865
comuna 10,68,2024-06-25,6366
comuna 6,98,2024-07-31,42463
comuna 3,73,2024-06-23,2173
comuna 1,57,2024-06-23,25876
comuna 7,48,2024-06-23,31050
comuna 15,21,2024-01-30,11468
comuna 8,12,2024-06-23,34709
comuna 7,100,2024-06-25,7415
comuna 13,66,2024-01-30,39124
comuna 12,43,2024-06-23,5838
comuna 13,49,2024-06-25,34468
comuna 12,85,2024-01-30,10824
comuna 14,63,2024-06-23,12294
comuna 1,49,2024-07-31,6652
comuna 7,32,2024-06-25,15998
comuna 2,51,2024-07-31,47203
comuna 7,27,2024-06-23,30458
comuna 10,71,2024-06-23,12406
comuna 14,72,2024-07-31,2612
comuna 16,100,2024-06-25,32329
comuna 4,24,2024-06-23,1572
comuna 5,31,2024-01-30,33835
comuna 16,43,2024-07-31,45076
comuna 4,37,2024-06-23,37913
comuna 11,39,2024-06-23,7076
comuna 8,76,2024-06-25,14396
comuna 2,29,2024-06-25,42514
comuna 8,39,2024-06-23,22504
comuna 11,26,2024-01-30,18181
comuna 10,21,2024-01-30,48600
comuna 5,15,2024-06-25,13302
comuna 2,41,2024-07-31,47741
comuna 1,72,2024-07-31,31749
comuna 8,58,2024-01-30,1960
comuna 8,52,2024-06-25,15320
comuna 12,58,2024-01-30,23823
comuna 1,53,2024-07-31,9171
comuna 15,68,2024-06-23,36539
comuna 1,50,2024-06-25,24203
comuna 5,97,2024-01-30,46573
comuna 14,18,2024-06-23,11783
comuna 2,72,2024-06-23,10911
comuna 15,18,2024-01-30,12159
comuna 10,52,2024-07-31,39912
comuna 2,62,2024-06-23,8033
comuna 4,57,2024-01-30,42056
comuna 3,60,2024-01-30,3856
comuna 7,58,2024-01-30,24253
comuna 3,55,2024-06-25,34323
comuna 4,92,2024-01-30,48327
comuna 2,74,2024-06-23,38084
comuna 15,73,2024-06-23,47073
comuna 12,18,2024-01-30,22752
comuna 16,44,2024-06-25,46243
comuna 5,67,2024-06-23,25482
comuna 5,40,2024-06-25,33913
comuna 8,17,2024-01-30,15186
comuna 4,99,2024-01-30,49425
comuna 15,33,2024-01-30,14310
comuna 8,40,2024-06-25,35343
comuna 6,51,2024-01-30,33282
comuna 4,94,2024-06-25,23191
comuna 2,98,2024-06-23,47346
comuna 5,52,2024-06-23,48593
comuna 13,56,2024-06-25,41541
comuna 11,36,2024-06-23,41556
comuna 11,74,2024-06-23,11518
comuna 16,100,2024-07-31,19058
comuna 11,52,2024-01-30,29266
comuna 10,10,2024-06-23,23252
comuna 9,39,2024-01-30,41166
comuna 4,98,2024-06-23,33497
comuna 3,96,2024-07-31,10009
comuna 4,39,2024-06-25,2465
comuna 4,78,2024-06-23,31973
comuna 3,58,2024-06-23,29889
comuna 2,14,2024-06-25,23485
comuna 12,19,2024-06-25,9069
comuna 7,65,2024-07-31,9582
comuna 8,71,2024-07-31,46172
comuna 8,51,2024-01-30,44803
comuna 5,13,2024-07-31,5747
comuna 13,35,2024-07-31,5046
comuna 5,88,2024-01-30,13239
comuna 1,83,2024-01-30,16721
comuna 9,12,2024-06-25,48789
comuna 15,73,2024-01-30,31818
comuna 15,27,2024-01-30,3882
comuna 6,65,2024-07-31,11468
comuna 3,23,2024-06-25,40143
comuna 10,75,2024-06-25,37953
comuna 10,56,2024-06-25,48001
comuna 16,14,2024-06-25,31324
comuna 1,23,2024-07-31,23348
comuna 16,11,2024-01-30,37461
comuna 14,75,2024-06-25,49681
comuna 2,69,2024-07-31,9294
comuna 4,37,2024-01-30,41481
comuna 5,76,2024-06-23,33504
comuna 5,85,2024-06-23,9615
comuna 12,62,2024-06-23,46889
comuna 14,88,2024-01-30,39330
comuna 10,80,2024-01-30,23792
comuna 1,71,2024-06-25,4806
comuna 15,79,2024-07-31,9453
comuna 12,47,2024-06-25,49650
comuna 5,90,2024-06-25,41552
comuna 8,21,2024-07-31,15753
comuna 16,90,2024-06-25,36166
comuna 7,88,2024-01-30,12308
comuna 5,94,2024-07-31,34854
comuna 6,32,2024-06-25,43090
comuna 11,83,2024-01-30,25997
comuna 13,12,2024-07-31,21900
comuna 7,19,2024-06-25,17650
comuna 10,46,2024-01-30,47714
comuna 7,43,2024-01-30,16428
comuna 1,14,2024-06-23,39465
comuna 12,21,2024-06-23,30533
comuna 6,42,2024-07-31,15166
comuna 6,22,2024-07-31,48253
comuna 15,64,2024-01-30,27420
comuna 6,26,2024-01-30,23085
comuna 1,91,2024-06-25,30832
comuna 8,46,2024-06-23,48119
comuna 1,33,2024-07-31,5527
comuna 13,74,2024-07-31,32067
comuna 15,95,2024-07-31,39262
comuna 12,46,2024-06-25,45943
comuna 14,79,2024-07-31,10566
comuna 5,71,2024-01-30,1448
comuna 9,94,2024-06-25,6671
comuna 2,48,2024-01-30,44781
comuna 15,49,2024-06-25,26824
comuna 10,23,2024-07-31,34034
comuna 3,44,2024-06-25,20431
comuna 12,93,2024-01-30,42989
comuna 4,26,2024-06-25,20908
comuna 11,24,2024-07-31,41258
comuna 10,76,2024-01-30,5886
comuna 9,38,2024-01-30,15963
comuna 6,99,2024-07-31,17263
comuna 4,27,2024-01-30,10876
comuna 8,58,2024-06-25,18206
comuna 8,18,2024-07-31,28893
comuna 6,54,2024-06-25,6050
comuna 7,28,2024-01-30,23693
comuna 15,48,2024-01-30,7509
comuna 11,68,2024-06-23,24751
comuna 14,32,2024-01-30,8191
comuna 16,99,2024-06-25,39158
comuna 12,42,2024-01-30,35580
comuna 15,69,2024-07-31,47087
comuna 15,83,2024-06-25,7012
comuna 7,94,2024-07-31,39727
comuna 10,26,2024-07-31,15204
comuna 14,57,2024-06-25,7389
comuna 6,77,2024-07-31,36415
comuna 11,85,2024-06-25,23142
comuna 8,69,2024-07-31,488
comuna 6,90,2024-07-31,20844
comuna 7,41,2024-06-25,29083
comuna 4,92,2024-07-31,8136
comuna 11,70,2024-07-31,24644
comuna 9,27,2024-06-25,5458
comuna 13,80,2024-06-25,33006
comuna 12,74,2024-07-31,31068
comuna 13,55,2024-06-25,2200
comuna 15,62,2024-06-25,17365
comuna 16,23,2024-06-25,29526
comuna 5,69,2024-06-25,13861
comuna 13,85,2024-07-31,16773
comuna 12,31,2024-01-30,45997
comuna 10,36,2024-06-23,43385
comuna 13,36,2024-06-23,25453
comuna 13,37,2024-06-25,33484
comuna 7,97,2024-01-30,40891
comuna 7,58,2024-07-31,9793
comuna 15,72,2024-06-23,15001
comuna 11,67,2024-01-30,22374
comuna 3,10,2024-07-31,21751
comuna 16,91,2024-06-23,47623
comuna 12,68,2024-06-25,7268
comuna 8,49,2024-07-31,43152
comuna 4,79,2024-06-25,32426
comuna 9,24,2024-07-31,25549
comuna 13,65,2024-06-25,14631
comuna 10,58,2024-01-30,48876
comuna 8,66,2024-07-31,46975
comuna 1,23,2024-01-30,12043
comuna 12,14,2024-06-25,27840
comuna 15,14,2024-06-23,11159
comuna 11,17,2024-01-30,31295
comuna 1,42,2024-06-25,35278
comuna 7,44,2024-07-31,30126
comuna 5,67,2024-07-31,34474
comuna 4,25,2024-07-31,35921
comuna 16,75,2024-06-23,39614
comuna 5,62,2024-01-30,26884
comuna 9,82,2024-06-23,19101
comuna 7,63,2024-06-25,9844
comuna 16,43,2024-06-25,19305
comuna 9,12,2024-07-31,12827
comuna 3,51,2024-06-25,21379
comuna 5,19,2024-06-23,3159
comuna 12,25,2024-06-23,34357
comuna 1,24,2024-06-23,18489
comuna 13,50,2024-06-25,4965
comuna 15,39,2024-07-31,13271
comuna 6,100,2024-06-25,26356
comuna 14,69,2024-06-25,28528
comuna 10,45,2024-06-25,6460
comuna 3,100,2024-06-23,6826
comuna 10,27,2024-06-23,33405
comuna 6,94,2024-06-23,32100
comuna 7,92,2024-07-31,4639
comuna 2,24,2024-06-25,38291
comuna 10,76,2024-06-23,25088
comuna 13,48,2024-07-31,43864
comuna 6,30,2024-06-25,24663
comuna 14,18,2024-06-23,25409
comuna 14,60,2024-01-30,3517
comuna 7,28,2024-06-23,45225
comuna 6,64,2024-01-30,26492
comuna 11,70,2024-06-23,17378
comuna 11,79,2024-06-23,42706
comuna 9,23,2024-07-31,48253
comuna 1,85,2024-06-23,3397
comuna 10,87,2024-06-25,45361
comuna 11,85,2024-06-23,45703
comuna 6,23,2024-01-30,10042
comuna 10,43,2024-06-23,26913
comuna 14,69,2024-07-31,27919
comuna 8,78,2024-01-30,32811
comuna 12,68,2024-01-30,16592
comuna 15,21,2024-07-31,18399
comuna 8,58,2024-06-25,41789
comuna 1,73,2024-01-30,1044
comuna 10,23,2024-07-31,41886
comuna 1,10,2024-07-31,35352
comuna 7,51,2024-07-31,27528
comuna 14,35,2024-06-25,43757
comuna 3,12,2024-07-31,35658
comuna 7,37,2024-06-23,26179
comuna 4,26,2024-06-25,34962
comuna 10,89,2024-07-31,27606
comuna 4,50,2024-06-25,11988
comuna 15,80,2024-01-30,13318
comuna 16,38,2024-07-31,32270
comuna 14,63,2024-01-30,21439
comuna 3,82,2024-06-25,15706
comuna 12,62,2024-01-30,25802
comuna 14,51,2024-06-25,20367
comuna 11,96,2024-07-31,33778
comuna 16,50,2024-01-30,34216
comuna 6,43,2024-06-25,5831
comuna 12,23,2024-01-30,42207
comuna 7,60,2024-06-25,11270
comuna 4,76,2024-07-31,26456
comuna 8,70,2024-07-31,38143
comuna 15,14,2024-06-25,9502
comuna 6,31,2024-07-31,15073
comuna 1,100,2024-06-25,5229
comuna 11,58,2024-06-23,29162
comuna 7,37,2024-06-25,42504
comuna 12,86,2024-07-31,46947
comuna 3,71,2024-01-30,22021
comuna 6,85,2024-06-25,45302
comuna 2,16,2024-06-23,37708
comuna 4,71,2024-01-30,20790
comuna 7,97,2024-06-25,44263
comuna 1,80,2024-06-23,23846
comuna 13,10,2024-07-31,37901
comuna 7,78,2024-07-31,18138
comuna 12,10,2024-06-25,41304
comuna 13,22,2024-07-31,20291
comuna 7,76,2024-01-30,36829
comuna 12,84,2024-06-23,43649
comuna 3,49,2024-06-25,10467
comuna 10,83,2024-07-31,28905
comuna 10,89,2024-06-25,27743
comuna 9,88,2024-06-23,38908
comuna 16,62,2024-01-30,49971
comuna 8,94,2024-01-30,37553
comuna 6,68,2024-06-25,16901
comuna 13,37,2024-07-31,5970
comuna 6,24,2024-06-25,41467
comuna 10,36,2024-06-25,29905
comuna 10,25,2024-01-30,48882
comuna 13,40,2024-06-23,3069
comuna 15,28,2024-07-31,39713
comuna 12,85,2024-07-31,26664
comuna 16,14,2024-07-31,45478
comuna 1,88,2024-06-25,7173
comuna 14,23,2024-06-23,10002
comuna 12,33,2024-07-31,26548
comuna 10,44,2024-06-25,36650
comuna 15,67,2024-06-23,18232
comuna 7,13,2024-06-25,1935
comuna 6,89,2024-06-23,39574
comuna 12,86,2024-06-25,5309
comuna 6,41,2024-06-25,22060
comuna 16,11,2024-07-31,45459
comuna 10,20,2024-06-23,30819
comuna 4,85,2024-07-31,9724
comuna 15,74,2024-07-31,23625
comuna 9,73,2024-07-31,36175
comuna 5,85,2024-06-23,11299
comuna 4,77,2024-01-30,19552
comuna 11,15,2024-06-25,8427
comuna 10,36,2024-01-30,24155
comuna 7,55,2024-06-23,1971
comuna 14,68,2024-01-30,48781
comuna 14,16,2024-07-31,49569
comuna 11,26,2024-06-23,18463
comuna 4,62,2024-06-23,22712
comuna 8,84,2024-01-30,13441
comuna 16,94,2024-06-25,2945
comuna 7,63,2024-06-23,9443
comuna 15,62,2024-01-30,44340
comuna 12,25,2024-01-30,41988
comuna 15,39,2024-07-31,12104
comuna 8,85,2024-07-31,2395
comuna 11,45,2024-01-30,1112
comuna 2,12,2024-01-30,40871
comuna 14,37,2024-06-23,18443
comuna 2,73,2024-07-31,1313
comuna 13,46,2024-01-30,22172
comuna 8,53,2024-07-31,24406
comuna 3,57,2024-06-23,8892
comuna 9,64,2024-06-23,17596
comuna 2,41,2024-01-30,12683
comuna 7,57,2024-01-30,1937
comuna 16,86,2024-07-31,32608
comuna 9,25,2024-06-25,32380
comuna 15,47,2024-01-30,18335
comuna 9,35,2024-07-31,3014
comuna 11,58,2024-06-25,13214
comuna 7,71,2024-01-30,24869
comuna 1,29,2024-06-25,22238
comuna 15,43,2024-07-31,23291
comuna 15,74,2024-06-25,37609
comuna 1,96,2024-06-23,1840
comuna 12,95,2024-01-30,41072
comuna 9,73,2024-06-25,9865
comuna 14,41,2024-06-23,34583
comuna 14,41,2024-01-30,36738
comuna 13,55,2024-01-30,27809
comuna 3,27,2024-06-23,32947
comuna 15,72,2024-06-23,34192
comuna 9,31,2024-06-23,12867
comuna 13,34,2024-07-31,47518
comuna 13,71,2024-07-31,14140
comuna 5,48,2024-07-31,37246
comuna 2,89,2024-01-30,19902
comuna 12,16,2024-06-25,1812
comuna 14,58,2024-06-23,27293
comuna 2,64,2024-06-25,24747
comuna 9,56,2024-07-31,41763
comuna 10,60,2024-01-30,7528
comuna 3,57,2024-07-31,27253
comuna 13,23,2024-06-23,45866
comuna 7,85,2024-06-23,2667
comuna 14,99,2024-01-30,27539
comuna 3,57,2024-07-31,42248
comuna 2,78,2024-01-30,1953
comuna 2,10,2024-01-30,29809
comuna 11,22,2024-07-31,29650
comuna 10,88,2024-07-31,38696
comuna 9,71,2024-01-30,16563
comuna 7,21,2024-01-30,34501
comuna 3,49,2024-01-30,2912
comuna 11,99,2024-06-23,48163
comuna 2,94,2024-01-30,21761
comuna 16,65,2024-01-30,10622
comuna 4,10,2024-06-25,2647
comuna 3,67,2024-06-25,28008
comuna 11,64,2024-07-31,33438
comuna 4,53,2024-07-31,34528
comuna 8,65,2024-07-31,27067
comuna 12,11,2024-07-31,30549
comuna 7,11,2024-06-25,36939
comuna 9,75,2024-07-31,30620
comuna 3,49,2024-01-30,34699
comuna 5,54,2024-07-31,31799
comuna 10,42,2024-07-31,25660
comuna 6,68,2024-06-23,31488
comuna 11,27,2024-06-23,7312
comuna 16,99,2024-06-23,7142
comuna 7,68,2024-07-31,147
comuna 5,36,2024-01-30,48765
comuna 4,11,2024-06-25,12858
comuna 15,86,2024-06-23,10457
comuna 2,60,2024-01-30,46128
comuna 1,66,2024-07-31,744
comuna 12,16,2024-06-25,38278
comuna 1,50,2024-06-23,19539
comuna 9,20,2024-06-25,1457
comuna 16,25,2024-07-31,40265
comuna 16,92,2024-06-23,2396
comuna 14,63,2024-06-23,9997
comuna 13,86,2024-06-25,41148
comuna 3,12,2024-06-25,47947
comuna 3,24,2024-01-30,44349
comuna 12,89,2024-07-31,5763
comuna 13,85,2024-06-23,49028
comuna 14,48,2024-07-31,14812
comuna 14,97,2024-06-25,12698
comuna 11,38,2024-06-23,30038
comuna 3,55,2024-07-31,33987
comuna 14,68,2024-01-30,22669
comuna 7,64,2024-06-25,23152
comuna 7,54,2024-07-31,25774
comuna 7,62,2024-06-25,31226
comuna 9,13,2024-06-25,9394
comuna 1,21,2024-06-23,21328
comuna 3,32,2024-06-23,17052
comuna 5,54,2024-01-30,42648
comuna 4,27,2024-01-30,24446
comuna 16,70,2024-06-25,21082
comuna 15,64,2024-01-30,13618
comuna 10,20,2024-01-30,47019
comuna 9,77,2024-06-23,12714
comuna 8,79,2024-07-31,28383
comuna 2,26,2024-01-30,16319
comuna 4,46,2024-07-31,46606
comuna 15,78,2024-06-23,559
comuna 10,53,2024-06-23,29771
comuna 2,26,2024-07-31,14780
comuna 6,54,2024-06-23,386
comuna 15,91,2024-06-23,45179
comuna 16,92,2024-06-23,43384
comuna 9,52,2024-07-31,31673
comuna 15,45,2024-06-23,29443
comuna 10,34,2024-06-23,5621
comuna 10,26,2024-01-30,5267
comuna 8,57,2024-01-30,28821
comuna 3,41,2024-06-23,44813
comuna 3,91,2024-06-25,42914
comuna 3,15,2024-01-30,41319
comuna 9,56,2024-07-31,47358
comuna 1,22,2024-07-31,24387
comuna 14,42,2024-01-30,1158
comuna 9,35,2024-07-31,7512
comuna 8,76,2024-06-25,16923
comuna 15,57,2024-06-25,34202
comuna 1,53,2024-06-25,25013
comuna 6,91,2024-06-23,12823
comuna 3,88,2024-06-25,42000
comuna 13,71,2024-06-25,39578
comuna 11,83,2024-06-25,15225
comuna 9,79,2024-07-31,35903
comuna 8,59,2024-07-31,29018
comuna 5,11,2024-07-31,29575
comuna 6,16,2024-06-25,18194
comuna 4,10,2024-01-30,17531
comuna 2,95,2024-01-30,13745
comuna 5,53,2024-06-23,21727
comuna 2,61,2024-01-30,4238
comuna 12,56,2024-01-30,14078
comuna 5,44,2024-01-30,41606
comuna 14,77,2024-01-30,19470
comuna 3,60,2024-01-30,44934
comuna 5,28,2024-06-25,32987
comuna 3,99,2024-06-23,26112
comuna 4,95,2024-07-31,48156
comuna 15,86,2024-06-25,48789
comuna 9,100,2024-06-25,38860
comuna 13,81,2024-01-30,22287
comuna 7,21,2024-06-23,27104
comuna 15,58,2024-06-25,5766
comuna 7,75,2024-06-23,3909
comuna 10,41,2024-06-23,10950
comuna 4,71,2024-06-25,305
comuna 11,45,2024-06-25,21423
comuna 7,100,2024-07-31,11841
comuna 1,83,2024-01-30,26921
comuna 10,53,2024-06-25,8655
comuna 6,63,2024-06-25,46041
comuna 6,40,2024-01-30,1086
comuna 8,24,2024-01-30,35509
comuna 7,63,2024-06-25,453
comuna 12,40,2024-01-30,8470
comuna 7,62,2024-01-30,10457
comuna 5,65,2024-01-30,27066
comuna 4,100,2024-01-30,4204
comuna 6,30,2024-06-23,14264
comuna 13,88,2024-06-25,27870
comuna 4,67,2024-07-31,19998
comuna 4,55,2024-01-30,3527
comuna 15,44,2024-06-25,16902
comuna 7,55,2024-06-23,40781
comuna 12,18,2024-06-23,17439
comuna 16,50,2024-06-23,21378
comuna 11,77,2024-06-25,37714
comuna 2,85,2024-01-30,15322
comuna 1,71,2024-06-25,33869
comuna 14,19,2024-07-31,29312
comuna 16,75,2024-06-25,36647
comuna 1,67,2024-07-31,7048
comuna 9,22,2024-06-23,16456
comuna 15,97,2024-06-25,10228
comuna 12,38,2024-06-23,29142
comuna 9,100,2024-07-31,12252
comuna 12,33,2024-07-31,15403
comuna 15,72,2024-06-25,27393
comuna 13,63,2024-07-31,47967
comuna 12,100,2024-06-23,27985
comuna 7,23,2024-01-30,32956
comuna 6,28,2024-06-25,33210
comuna 6,88,2024-06-23,13264
comuna 8,28,2024-06-23,22014
comuna 6,27,2024-06-23,16055
comuna 5,79,2024-01-30,3550
comuna 10,78,2024-01-30,11298
comuna 12,81,2024-07-31,23749
comuna 5,25,2024-06-25,41990
comuna 14,92,2024-01-30,37158
comuna 9,21,2024-06-23,7042
comuna 8,82,2024-01-30,32843
comuna 4,76,2024-01-30,36802
comuna 8,35,2024-06-25,22772
comuna 15,74,2024-06-25,10687
comuna 9,58,2024-07-31,13600
comuna 3,86,2024-06-25,39029
comuna 15,46,2024-01-30,38058
comuna 12,37,2024-06-23,40379
comuna 4,90,2024-01-30,26769
comuna 14,48,2024-06-25,17100
comuna 16,79,2024-06-23,43343
comuna 2,40,2024-01-30,5294
comuna 3,61,2024-06-25,40429
comuna 1,93,2024-06-23,31751
comuna 11,56,2024-07-31,43305
comuna 11,91,2024-06-25,36964
comuna 8,51,2024-01-30,44225
comuna 5,86,2024-06-23,26407
comuna 1,12,2024-06-25,29878
comuna 3,31,2024-06-25,24614
comuna 1,76,2024-07-31,36526
comuna 14,78,2024-01-30,42826
comuna 2,56,2024-07-31,22485
comuna 13,13,2024-01-30,13412
comuna 3,82,2024-07-31,5741
comuna 8,63,2024-06-25,46465
comuna 2,50,2024-01-30,27091
comuna 3,42,2024-06-25,19864
comuna 5,73,2024-01-30,34497
comuna 14,75,2024-06-23,49744
comuna 8,78,2024-06-25,15273
comuna 2,77,2024-06-23,7605
comuna 15,82,2024-06-25,10953
comuna 5,94,2024-01-30,33111
comuna 3,63,2024-07-31,44432
comuna 8,85,2024-06-23,21592
comuna 11,28,2024-07-31,2496
comuna 9,31,2024-07-31,16908
comuna 6,30,2024-01-30,33196
comuna 1,84,2024-06-25,49082
comuna 9,20,2024-07-31,46468
comuna 12,83,2024-01-30,1107
comuna 8,73,2024-06-25,46611
comuna 3,80,2024-01-30,34909
comuna 1,26,2024-07-31,13083
comuna 2,91,2024-06-25,16606
comuna 16,33,2024-01-30,38715
comuna 5,88,2024-06-23,37537
comuna 11,34,2024-07-31,20685
comuna 6,41,2024-07-31,8036
comuna 4,67,2024-06-25,12905
comuna 16,37,2024-07-31,45546
comuna 8,20,2024-06-23,38555
comuna 10,49,2024-06-23,5351
comuna 4,25,2024-01-30,3513
comuna 15,26,2024-06-23,14307
comuna 13,77,2024-07-31,30295
comuna 13,100,2024-01-30,37398
comuna 15,49,2024-01-30,44528
comuna 3,17,2024-06-23,20983
comuna 8,29,2024-06-25,6608
comuna 16,90,2024-07-31,16518
comuna 11,87,2024-07-31,16918
comuna 5,74,2024-06-23,49041
comuna 15,81,2024-01-30,43055
comuna 10,98,2024-06-25,8143
comuna 7,41,2024-07-31,24155
comuna 16,15,2024-06-23,45972
comuna 2,42,2024-07-31,18511
comuna 1,45,2024-06-25,29454
comuna 16,89,2024-06-25,48563
comuna 5,85,2024-06-23,18262
comuna 2,44,2024-06-23,40443
comuna 1,35,2024-01-30,31346
comuna 12,30,2024-06-25,38605
comuna 9,47,2024-07-31,31099
comuna 2,92,2024-06-23,46967
comuna 8,50,2024-07-31,42453
comuna 8,17,2024-06-23,36526
comuna 11,53,2024-01-30,15362
comuna 12,88,2024-01-30,40385
comuna 9,47,2024-01-30,3476
comuna 12,36,2024-06-25,17933
comuna 9,89,2024-07-31,4755
comuna 9,39,2024-07-31,34356
comuna 7,99,2024-06-25,28647
comuna 15,85,2024-01-30,41256
comuna 10,21,2024-01-30,35118
comuna 5,88,2024-01-30,37915
comuna 8,71,2024-01-30,7828
comuna 14,94,2024-01-30,7969
comuna 4,27,2024-06-25,30547
comuna 9,42,2024-01-30,46963
comuna 12,59,2024-01-30,22165
comuna 4,78,2024-06-23,27536
comuna 14,27,2024-07-31,5335
comuna 4,10,2024-06-25,1620
comuna 15,52,2024-07-31,6055
comuna 13,74,2024-06-23,23530
comuna 10,41,2024-06-25,18989
comuna 13,48,2024-01-30,24607
comuna 13,28,2024-06-25,36347
comuna 11,62,2024-07-31,36070
comuna 3,99,2024-06-23,40774
comuna 16,36,2024-06-23,49116
comuna 11,14,2024-07-31,48445
comuna 11,60,2024-06-23,13530
comuna 6,67,2024-06-25,31106
comuna 11,23,2024-01-30,343
comuna 9,40,2024-07-31,39457
comuna 16,43,2024-07-31,11799
comuna 7,61,2024-01-30,38636
comuna 5,74,2024-06-23,16652
comuna 2,88,2024-07-31,15316
comuna 14,39,2024-07-31,38680
comuna 9,64,2024-06-25,49782
comuna 7,61,2024-07-31,15424
comuna 16,30,2024-06-23,18214
comuna 6,87,2024-07-31,49850
comuna 12,99,2024-06-25,35113
comuna 12,86,2024-01-30,19119
comuna 15,75,2024-07-31,47326
comuna 5,45,2024-07-31,1961
comuna 10,24,2024-01-30,29806
comuna 8,41,2024-06-23,41263
comuna 7,70,2024-01-30,13915
comuna 15,59,2024-01-30,47139
comuna 8,85,2024-06-23,3087
comuna 7,97,2024-01-30,702
comuna 16,54,2024-07-31,14629
comuna 14,46,2024-07-31,13396
comuna 15,66,2024-06-23,16422
comuna 15,37,2024-07-31,28675
comuna 15,60,2024-01-30,4576
comuna 5,54,2024-06-25,622
comuna 8,35,2024-06-25,35113
comuna 14,75,2024-06-25,37795
comuna 6,91,2024-06-25,31034
comuna 15,26,2024-01-30,4112
comuna 4,81,2024-01-30,15782
comuna 9,59,2024-06-23,2937
comuna 13,13,2024-07-31,40744
comuna 7,26,2024-07-31,3137
comuna 6,75,2024-06-23,9726
comuna 5,17,2024-06-23,7912
comuna 12,23,2024-07-31,5293
comuna 5,35,2024-06-25,37696
comuna 11,66,2024-01-30,21210
comuna 16,77,2024-07-31,4745
comuna 8,20,2024-01-30,22799
comuna 8,77,2024-06-25,43977
comuna 8,68,2024-06-23,14298
comuna 6,32,2024-07-31,27713
comuna 6,39,2024-01-30,3285
comuna 12,32,2024-07-31,35365
comuna 13,93,2024-06-25,28063
comuna 15,50,2024-06-23,997
comuna 10,42,2024-07-31,19680
comuna 10,42,2024-06-25,12642
comuna 16,16,2024-07-31,30779
comuna 15,47,2024-01-30,17147
comuna 2,77,2024-06-25,17160
comuna 16,38,2024-06-25,42160
comuna 11,90,2024-01-30,38265
comuna 7,90,2024-01-30,13077
comuna 13,27,2024-06-23,33489
comuna 14,65,2024-07-31,25078
comuna 8,94,2024-06-25,315
comuna 4,17,2024-07-31,3479
comuna 11,35,2024-06-25,5496
comuna 8,23,2024-07-31,46988
comuna 1,99,2024-06-25,37874
comuna 11,60,2024-01-30,14032
comuna 10,32,2024-07-31,31353
comuna 12,55,2024-01-30,35061
comuna 14,38,2024-07-31,33196
comuna 13,66,2024-01-30,35750
comuna 8,36,2024-01-30,10517
comuna 1,60,2024-07-31,48479
comuna 6,97,2024-01-30,44353
comuna 11,14,2024-01-30,48132
comuna 7,53,2024-06-25,44059
comuna 7,31,2024-06-23,1232
comuna 7,26,2024-06-23,13235
comuna 1,45,2024-07-31,47469
comuna 12,24,2024-01-30,32931
comuna 10,38,2024-07-31,18357
comuna 2,81,2024-07-31,31813
comuna 13,68,2024-01-30,44894
comuna 11,64,2024-06-23,10316
comuna 4,91,2024-07-31,39770
comuna 7,99,2024-06-23,19655
comuna 4,69,2024-01-30,1880
comuna 1,95,2024-01-30,44790
comuna 9,50,2024-06-25,34486
comuna 13,90,2024-07-31,40720
comuna 4,41,2024-06-25,49335
comuna 14,14,2024-01-30,29487
comuna 16,99,2024-06-23,7638
comuna 14,10,2024-07-31,20887
comuna 13,29,2024-07-31,24411
comuna 16,63,2024-06-23,28930
comuna 6,98,2024-06-25,28612
comuna 12,40,2024-07-31,12600
comuna 1,20,2024-06-23,8476
comuna 14,22,2024-06-25,39503
comuna 10,45,2024-06-23,27066
comuna 1,18,2024-07-31,8324
comuna 8,52,2024-06-25,12215
comuna 14,97,2024-06-25,23138
comuna 14,11,2024-01-30,6684
comuna 3,15,2024-01-30,13538
comuna 16,34,2024-06-25,18663
comuna 11,35,2024-06-23,29007
comuna 15,85,2024-06-23,20802
comuna 4,16,2024-06-25,19917
comuna 16,19,2024-06-25,11920
comuna 8,78,2024-01-30,41934
comuna 9,38,2024-06-23,44887
comuna 3,31,2024-07-31,40939
comuna 3,88,2024-07-31,19759
comuna 11,30,2024-07-31,41144
comuna 10,58,2024-01-30,49490
comuna 15,83,2024-01-30,20329
comuna 16,49,2024-06-25,26189
comuna 14,95,2024-01-30,10170
comuna 16,50,2024-06-25,17557
comuna 11,87,2024-07-31,8456
comuna 8,68,2024-01-30,17984
comuna 16,46,2024-01-30,48552
comuna 3,50,2024-06-23,18444
comuna 5,22,2024-01-30,2370
comuna 16,24,2024-06-23,4937
comuna 4,88,2024-06-23,43529
comuna 2,42,2024-07-31,20068
comuna 5,14,2024-06-23,16780
comuna 7,32,2024-07-31,29505
comuna 15,14,2024-01-30,13204
comuna 3,30,2024-01-30,14238
comuna 12,99,2024-06-23,25922
comuna 2,14,2024-01-30,3979
comuna 5,51,2024-06-25,18916
comuna 16,62,2024-06-23,19952
comuna 3,65,2024-06-25,4440
comuna 3,17,2024-06-25,21486
comuna 15,55,2024-06-25,22502
comuna 14,42,2024-06-25,36022
comuna 12,50,2024-06-23,44332
comuna 7,56,2024-01-30,28239
comuna 11,74,2024-01-30,7107
comuna 13,30,2024-01-30,35711
comuna 9,45,2024-01-30,2312
comuna 15,32,2024-01-30,10644
comuna 1,13,2024-06-25,3882
comuna 11,88,2024-06-23,43262
comuna 2,54,2024-07-31,30465
comuna 1,89,2024-07-31,8701
comuna 9,43,2024-07-31,27024
comuna 11,25,2024-01-30,28769
comuna 2,88,2024-06-23,15695
comuna 8,86,2024-06-25,34362
comuna 11,59,2024-07-31,42240
comuna 5,19,2024-06-25,32303
comuna 5,63,2024-06-23,3241
comuna 13,62,2024-06-23,292
comuna 1,41,2024-01-30,3250
comuna 12,46,2024-06-23,6623
comuna 2,46,2024-01-30,29698
comuna 14,36,2024-06-25,5391
comuna 13,59,2024-06-23,23526
comuna 10,43,2024-06-25,3350
comuna 14,28,2024-06-25,49291
comuna 2,62,2024-06-25,21483
comuna 14,77,2024-01-30,34447
comuna 1,26,2024-07-31,44683
comuna 9,37,2024-07-31,30075
comuna 6,95,2024-06-23,31401
comuna 13,48,2024-07-31,23543
comuna 3,26,2024-07-31,39525
comuna 14,11,2024-06-23,2581
comuna 16,91,2024-07-31,9018
comuna 7,72,2024-06-25,49256
comuna 1,93,2024-06-25,38906
comuna 10,36,2024-07-31,23897
comuna 10,82,2024-06-25,12970
comuna 3,73,2024-06-25,31450
comuna 2,16,2024-07-31,41777
comuna 6,85,2024-06-25,2682
comuna 7,97,2024-01-30,18913
comuna 14,82,2024-06-25,27955
comuna 10,89,2024-06-25,8282
comuna 9,32,2024-06-23,49290
comuna 1,49,2024-01-30,4893
comuna 12,68,2024-01-30,27100
comuna 11,64,2024-07-31,20678
comuna 4,38,2024-01-30,33947
comuna 6,98,2024-06-23,11464
comuna 7,79,2024-06-25,46726
comuna 13,48,2024-07-31,13298
comuna 14,97,2024-06-23,20029
comuna 9,95,2024-06-23,8706
comuna 1,66,2024-01-30,12589
comuna 4,33,2024-06-23,23356
comuna 3,10,2024-01-30,37048
comuna 11,42,2024-06-23,40370
comuna 16,39,2024-06-23,42752
comuna 13,17,2024-06-25,7962
comuna 13,13,2024-07-31,3925
comuna 16,22,2024-06-23,8222
comuna 2,38,2024-01-30,16991
comuna 4,11,2024-01-30,38384
comuna 2,98,2024-06-23,14914
comuna 12,74,2024-01-30,19248
comuna 6,53,2024-01-30,30175
comuna 2,43,2024-06-23,37808
comuna 16,29,2024-06-25,12212
comuna 14,17,2024-01-30,25124
comuna 6,90,2024-07-31,49360
comuna 10,64,2024-01-30,24278
comuna 2,16,2024-06-25,37970
comuna 3,54,2024-06-23,38039
comuna 7,84,2024-07-31,38264
comuna 11,20,2024-07-31,5656
comuna 3,35,2024-06-23,7635
comuna 2,16,2024-01-30,42848
comuna 13,92,2024-06-23,6279
comuna 9,37,2024-07-31,22532
comuna 8,25,2024-07-31,38158
comuna 5,74,2024-07-31,49799
comuna 6,54,2024-01-30,13077
comuna 1,20,2024-06-25,15005
comuna 5,23,2024-01-30,25426
comuna 5,38,2024-07-31,42503
comuna 16,29,2024-01-30,23761
comuna 5,59,2024-07-31,45319
comuna 12,41,2024-06-25,38739
comuna 5,52,2024-01-30,2358
comuna 15,18,2024-01-30,10902
comuna 4,68,2024-06-25,16473
comuna 4,64,2024-07-31,43371
comuna 14,28,2024-06-25,27566
comuna 4,64,2024-01-30,31065
comuna 3,66,2024-06-23,12601
comuna 5,83,2024-07-31,34114
comuna 7,24,2024-06-23,10863
comuna 14,11,2024-06-23,27707
comuna 5,24,2024-07-31,15204
comuna 16,93,2024-06-23,9062
comuna 9,22,2024-07-31,41084
comuna 3,26,2024-06-25,13314
comuna 15,30,2024-01-30,4818
comuna 3,59,2024-01-30,43716
comuna 2,72,2024-01-30,37128
comuna 7,90,2024-01-30,15503
comuna 6,47,2024-01-30,41970
comuna 5,10,2024-06-23,21205
comuna 9,63,2024-07-31,13104
comuna 8,35,2024-07-31,22086
comuna 5,70,2024-01-30,13405
comuna 1,10,2024-07-31,45460
comuna 8,52,2024-07-31,25090
comuna 1,92,2024-01-30,37128
comuna 1,97,2024-06-23,21174
comuna 9,44,2024-01-30,11237
comuna 8,61,2024-07-31,2814
comuna 15,89,2024-06-23,1455
comuna 6,36,2024-07-31,45097
comuna 10,10,2024-06-23,11034
comuna 15,99,2024-06-25,10386
comuna 5,40,2024-07-31,8205
comuna 1,13,2024-06-23,25328
comuna 11,61,2024-07-31,43096
comuna 1,52,2024-06-25,3816
comuna 8,49,2024-06-23,42311
comuna 7,60,2024-06-25,41144
comuna 14,32,2024-07-31,22029
comuna 2,10,2024-06-23,33084
comuna 13,98,2024-06-23,37197
comuna 7,65,2024-07-31,18860
comuna 6,22,2024-07-31,22627
comuna 15,32,2024-01-30,33520
comuna 8,29,2024-06-23,46205
comuna 14,98,2024-07-31,17682
comuna 4,51,2024-06-23,37259
comuna 13,51,2024-01-30,11139
comuna 9,25,2024-06-23,34023
comuna 11,11,2024-06-23,16334
comuna 1,39,2024-06-25,5542
comuna 12,59,2024-06-25,35009
comuna 6,72,2024-07-31,47615
comuna 15,97,2024-01-30,49133
comuna 3,36,2024-06-23,29482
comuna 15,89,2024-06-25,30442
comuna 10,23,2024-01-30,8529
comuna 7,83,2024-01-30,23955
comuna 7,10,2024-06-25,8286
comuna 8,62,2024-06-23,27314
comuna 2,100,2024-07-31,42403
comuna 7,43,2024-07-31,41306
comuna 12,31,2024-01-30,15921
comuna 9,19,2024-01-30,10437
comuna 12,95,2024-01-30,28139
comuna 5,84,2024-06-25,9542
comuna 13,16,2024-06-23,7787
comuna 14,20,2024-06-23,23014
comuna 7,54,2024-06-25,29946
comuna 4,74,2024-07-31,22099
comuna 8,55,2024-07-31,42835
comuna 2,18,2024-07-31,45197
comuna 15,13,2024-06-25,47416
comuna 6,88,2024-06-25,23460
comuna 8,99,2024-06-23,7621
comuna 12,31,2024-07-31,25961
comuna 9,40,2024-01-30,40053
comuna 4,48,2024-01-30,23922
comuna 11,42,2024-07-31,19737
comuna 1,16,2024-01-30,36469
comuna 11,80,2024-06-23,45033
comuna 9,80,2024-07-31,48509
comuna 15,72,2024-01-30,12775
comuna 6,39,2024-06-25,12729
comuna 16,93,2024-06-23,5629
comuna 6,37,2024-06-25,49452
comuna 11,92,2024-01-30,44971
comuna 7,62,2024-01-30,38942
comuna 5,44,2024-07-31,11247
comuna 7,81,2024-06-25,13568
comuna 12,94,2024-01-30,4122
comuna 1,93,2024-07-31,23533
comuna 11,77,2024-01-30,35438
comuna 3,76,2024-06-23,27857
comuna 1,78,2024-06-25,19390
comuna 9,27,2024-01-30,27583
comuna 12,33,2024-06-23,1653
comuna 3,36,2024-06-25,7547
comuna 14,85,2024-06-25,25502
comuna 8,33,2024-06-23,29204
comuna 7,97,2024-06-25,37670
comuna 11,59,2024-01-30,31835
comuna 9,21,2024-07-31,39441
comuna 11,52,2024-07-31,18533
comuna 12,33,2024-07-31,11926
comuna 4,31,2024-07-31,12781
comuna 2,69,2024-01-30,18631
comuna 10,97,2024-01-30,42683
comuna 5,82,2024-07-31,41354
comuna 4,73,2024-06-25,48438
comuna 8,81,2024-07-31,41659
comuna 11,71,2024-07-31,30640
comuna 2,39,2024-07-31,23299
comuna 13,49,2024-06-23,20796
comuna 15,41,2024-07-31,41151
comuna 11,92,2024-06-23,6772
comuna 12,58,2024-01-30,22152
comuna 2,78,2024-01-30,35779
comuna 1,59,2024-01-30,23412
comuna 10,46,2024-01-30,2400
comuna 4,99,2024-01-30,15712
comuna 5,67,2024-07-31,43433
comuna 1,12,2024-01-30,32226
comuna 13,49,2024-06-25,39081
comuna 15,52,2024-06-25,22836
comuna 9,44,2024-06-23,27571
comuna 14,77,2024-06-25,28174
comuna 4,10,2024-06-23,28123
comuna 5,37,2024-06-25,14828
comuna 3,99,2024-01-30,29942
comuna 12,12,2024-01-30,29570
comuna 4,31,2024-06-25,47938
comuna 10,78,2024-01-30,33355
comuna 1,89,2024-06-25,41193
comuna 12,55,2024-07-31,14774
comuna 16,59,2024-06-23,11505
comuna 3,85,2024-06-23,1084
comuna 14,78,2024-06-23,22627
comuna 14,67,2024-06-23,45635
comuna 9,62,2024-06-25,41152
comuna 10,64,2024-01-30,8088
comuna 12,32,2024-07-31,48653
comuna 4,17,2024-01-30,29653
comuna 16,30,2024-01-30,46045
comuna 12,17,2024-07-31,7408
comuna 1,60,2024-06-25,28468
comuna 2,50,2024-06-25,48065
comuna 8,75,2024-07-31,13706
comuna 7,42,2024-01-30,17760
comuna 1,63,2024-06-23,49831
comuna 4,71,2024-01-30,49729
comuna 5,78,2024-06-25,34786
comuna 12,44,2024-06-25,12370
comuna 10,61,2024-07-31,12320
comuna 9,90,2024-06-23,31342
comuna 9,94,2024-06-23,25005
comuna 9,96,2024-06-23,44704
comuna 4,96,2024-06-23,47163
comuna 2,65,2024-06-23,2030
comuna 9,86,2024-07-31,52
comuna 5,94,2024-06-25,20653
comuna 9,83,2024-07-31,13639
comuna 11,97,2024-01-30,6399
comuna 13,20,2024-06-25,38409
comuna 12,30,2024-07-31,23906
comuna 4,68,2024-01-30,47561
comuna 5,67,2024-07-31,32954
comuna 10,53,2024-01-30,3344
comuna 4,84,2024-07-31,26486
comuna 4,57,2024-01-30,24733
comuna 2,97,2024-07-31,44003
comuna 16,58,2024-01-30,25178
comuna 16,81,2024-06-25,35380
comuna 6,14,2024-01-30,40473
comuna 8,27,2024-06-25,21683
comuna 12,62,2024-07-31,5860
comuna 1,46,2024-06-25,13234
comuna 9,87,2024-07-31,38572
comuna 13,14,2024-01-30,40242
comuna 5,12,2024-01-30,21637
comuna 12,97,2024-06-25,10364
comuna 4,20,2024-07-31,20409
comuna 3,72,2024-06-23,15286
comuna 8,63,2024-07-31,24490
comuna 9,37,2024-07-31,36925
comuna 7,30,2024-07-31,46992
comuna 16,22,2024-01-30,34855
comuna 11,40,2024-07-31,47462
comuna 13,55,2024-01-30,37099
comuna 5,92,2024-06-25,1536
comuna 2,93,2024-06-25,9268
comuna 4,75,2024-07-31,29020
comuna 14,19,2024-06-23,44352
comuna 15,45,2024-07-31,12705
comuna 10,15,2024-07-31,26488
comuna 6,85,2024-06-25,19382
comuna 16,62,2024-06-25,33157
comuna 13,45,2024-06-23,19999
comuna 14,94,2024-07-31,40948
comuna 14,47,2024-06-25,40235
comuna 11,52,2024-07-31,37664
comuna 2,42,2024-06-25,30975
comuna 8,20,2024-06-23,20143
comuna 6,62,2024-01-30,48790
comuna 13,47,2024-01-30,4176
comuna 2,70,2024-07-31,16536
comuna 6,60,2024-06-25,48489
comuna 9,92,2024-01-30,42477
comuna 12,47,2024-01-30,12989
comuna 2,89,2024-06-25,9047
comuna 1,97,2024-01-30,36529
comuna 1,15,2024-01-30,30755
comuna 2,87,2024-06-23,16786
comuna 3,72,2024-06-25,34021
comuna 14,96,2024-07-31,6765
comuna 9,41,2024-01-30,1123
comuna 1,92,2024-01-30,17977
comuna 8,81,2024-01-30,15199
comuna 9,92,2024-01-30,26968
comuna 9,49,2024-07-31,44986
comuna 12,53,2024-07-31,36882
comuna 12,65,2024-06-25,23016
comuna 14,65,2024-01-30,40707
comuna 11,65,2024-06-23,45114
comuna 11,87,2024-01-30,42531
comuna 7,98,2024-07-31,9919
comuna 13,52,2024-06-23,12802
comuna 1,19,2024-01-30,5934
comuna 8,97,2024-07-31,16298
comuna 2,31,2024-06-23,26854
comuna 3,99,2024-06-23,29150
comuna 8,68,2024-06-23,8194
comuna 4,56,2024-07-31,44800
comuna 15,83,2024-07-31,26409
comuna 4,67,2024-01-30,28619
comuna 11,65,2024-07-31,15596
comuna 1,96,2024-07-31,33442
comuna 14,97,2024-01-30,4463
comuna 13,55,2024-07-31,14310
comuna 16,51,2024-06-23,49192
comuna 5,79,2024-07-31,46135
comuna 6,23,2024-06-23,33151
comuna 7,10,2024-07-31,23156
comuna 13,66,2024-06-23,16323
comuna 6,66,2024-07-31,18586
comuna 12,30,2024-06-25,46309
comuna 4,25,2024-06-25,14939
comuna 10,92,2024-06-23,9576
comuna 10,49,2024-06-25,21839
comuna 16,46,2024-07-31,2478
comuna 10,76,2024-06-25,48576
comuna 8,37,2024-06-23,36252
comuna 7,67,2024-06-23,49740
comuna 16,77,2024-01-30,10379
comuna 16,82,2024-01-30,2593
comuna 7,22,2024-01-30,35508
comuna 7,64,2024-06-25,40313
comuna 6,11,2024-06-25,48850
comuna 5,89,2024-06-25,4046
comuna 14,59,2024-06-23,21819
comuna 8,67,2024-06-23,19940
comuna 14,81,2024-06-25,879
comuna 6,90,2024-06-23,21655
comuna 13,78,2024-01-30,31183
comuna 12,58,2024-06-23,42647
comuna 15,58,2024-01-30,13410
comuna 2,37,2024-06-25,22293
comuna 13,82,2024-01-30,49225
comuna 5,37,2024-06-23,13145
comuna 4,95,2024-01-30,7229
comuna 10,62,2024-01-30,30035
comuna 2,64,2024-06-23,18275
comuna 10,16,2024-07-31,43730
comuna 12,93,2024-06-25,48606
comuna 12,20,2024-06-25,14931
comuna 1,91,2024-07-31,37883
comuna 8,24,2024-07-31,42241
comuna 6,82,2024-07-31,8505
comuna 9,96,2024-01-30,3704
comuna 14,49,2024-01-30,9293
comuna 8,89,2024-07-31,31566
comuna 4,69,2024-07-31,38170
comuna 5,15,2024-07-31,41367
comuna 4,13,2024-06-23,7138
comuna 14,40,2024-06-23,5978
comuna 10,23,2024-06-23,41371
comuna 14,23,2024-01-30,40620
comuna 8,27,2024-06-23,8423
comuna 6,10,2024-06-23,43789
comuna 14,61,2024-06-25,23450
comuna 11,35,2024-07-31,31152
comuna 13,72,2024-01-30,14759
comuna 7,87,2024-06-25,23263
comuna 15,90,2024-07-31,29045
comuna 16,57,2024-06-23,43097
comuna 1,91,2024-06-23,14558
comuna 9,27,2024-06-23,34861
comuna 2,44,2024-01-30,48783
comuna 16,79,2024-06-23,31480
comuna 5,32,2024-01-30,46270
comuna 8,100,2024-06-23,3018
comuna 3,92,2024-07-31,42117
comuna 2,41,2024-06-23,42235
comuna 10,85,2024-07-31,27705
comuna 10,94,2024-07-31,44044
comuna 5,93,2024-06-25,2207
comuna 4,42,2024-06-23,5957
comuna 7,21,2024-06-25,44079
comuna 13,84,2024-06-25,48487
comuna 3,81,2024-06-25,41790
comuna 9,45,2024-01-30,441
comuna 1,33,2024-06-25,47350
comuna 3,24,2024-01-30,32340
comuna 9,50,2024-06-23,33092
comuna 15,74,2024-01-30,5451
comuna 12,29,2024-06-25,43376
comuna 7,55,2024-06-25,5555
comuna 6,34,2024-06-25,1888
comuna 1,17,2024-06-25,34190
comuna 7,66,2024-06-25,29384
comuna 11,14,2024-01-30,42154
comuna 15,32,2024-01-30,1694
comuna 8,29,2024-01-30,28714
comuna 5,46,2024-07-31,38744
comuna 12,85,2024-01-30,8637
comuna 12,82,2024-06-25,35830
comuna 10,51,2024-01-30,43407
comuna 5,59,2024-06-25,31668
comuna 6,33,2024-06-25,48737
comuna 14,44,2024-06-25,45292
comuna 8,31,2024-06-25,46508
comuna 3,12,2024-06-23,44805
comuna 5,70,2024-01-30,9646
comuna 1,85,2024-07-31,31228
comuna 11,48,2024-06-23,41630
comuna 14,37,2024-06-25,29063
comuna 5,87,2024-01-30,39181
comuna 3,52,2024-07-31,9542
comuna 13,43,2024-07-31,42067
comuna 6,11,2024-06-23,16043
comuna 8,75,2024-06-23,49167
comuna 1,12,2024-06-23,498
comuna 10,30,2024-06-25,40400
comuna 1,14,2024-06-25,19517
comuna 12,64,2024-01-30,27340
comuna 5,47,2024-07-31,17904
comuna 10,43,2024-06-23,8511
comuna 5,100,2024-06-25,20114
comuna 7,45,2024-07-31,32169
comuna 6,52,2024-06-23,47627
comuna 10,45,2024-07-31,32948
comuna 9,80,2024-07-31,22077
comuna 15,75,2024-06-25,200
comuna 9,39,2024-01-30,31610
comuna 2,17,2024-06-25,17048
comuna 5,91,2024-07-31,8019
comuna 6,16,2024-06-23,14479
comuna 11,23,2024-06-25,11094
comuna 11,82,2024-06-23,16388
comuna 12,82,2024-06-25,11663
comuna 13,77,2024-07-31,26328
comuna 13,100,2024-06-23,11330
comuna 8,31,2024-07-31,25144
comuna 12,55,2024-06-23,15990
comuna 1,51,2024-01-30,3968
comuna 15,82,2024-01-30,14490
comuna 10,61,2024-06-23,40160
comuna 10,30,2024-06-25,17146
comuna 12,30,2024-06-23,35727
comuna 4,14,2024-01-30,6650
comuna 12,30,2024-06-25,25336
comuna 12,99,2024-01-30,3016
comuna 5,54,2024-01-30,1758
comuna 3,82,2024-01-30,10769
comuna 7,29,2024-06-23,42878
comuna 5,58,2024-01-30,2485
comuna 14,96,2024-07-31,26031
comuna 16,95,2024-07-31,47588
comuna 1,19,2024-06-23,22703
comuna 7,71,2024-06-23,32318
comuna 4,34,2024-01-30,32274
comuna 16,27,2024-01-30,30029
comuna 10,18,2024-06-25,1096
comuna 5,68,2024-06-25,11602
comuna 5,51,2024-07-31,4433
comuna 5,97,2024-06-25,36948
comuna 3,26,2024-07-31,5032
comuna 1,77,2024-06-25,4222
comuna 8,54,2024-06-23,26338
comuna 10,89,2024-06-23,36935
comuna 16,93,2024-01-30,22014
comuna 3,36,2024-01-30,26559
comuna 9,91,2024-07-31,5143
comuna 2,15,2024-01-30,24795
comuna 14,25,2024-01-30,2957
comuna 9,13,2024-06-23,24433
comuna 9,12,2024-07-31,21422
comuna 4,21,2024-06-23,47401
comuna 4,14,2024-06-23,29684
comuna 10,87,2024-01-30,1845
comuna 8,30,2024-06-23,8007
comuna 3,22,2024-07-31,9124
comuna 13,77,2024-06-23,41676
comuna 12,18,2024-06-25,46977
comuna 2,42,2024-01-30,49172
comuna 6,82,2024-06-25,29930
comuna 14,78,2024-06-23,13277
comuna 7,58,2024-01-30,35153
comuna 10,19,2024-06-23,29577
comuna 2,25,2024-06-25,47509
comuna 3,86,2024-06-23,14657
comuna 13,85,2024-07-31,20451
comuna 3,55,2024-06-25,1918
comuna 10,25,2024-06-25,16206
comuna 1,18,2024-01-30,20521
comuna 9,47,2024-07-31,41670
comuna 16,74,2024-01-30,3440
comuna 5,39,2024-07-31,39094
comuna 3,16,2024-06-25,13492
comuna 16,99,2024-06-23,33917
comuna 8,50,2024-06-23,6626
comuna 3,62,2024-07-31,33565
comuna 3,60,2024-07-31,19847
comuna 15,23,2024-07-31,34124
comuna 7,58,2024-07-31,4278
comuna 15,79,2024-01-30,29922
comuna 1,69,2024-01-30,2684
comuna 16,32,2024-01-30,49339
comuna 4,37,2024-06-23,12748
comuna 11,46,2024-06-23,41161
comuna 9,78,2024-07-31,9408
comuna 16,79,2024-01-30,22400
comuna 2,51,2024-06-25,36670
comuna 13,72,2024-01-30,828
comuna 15,85,2024-01-30,8114
comuna 10,34,2024-01-30,47584
comuna 10,37,2024-06-25,15367
comuna 10,46,2024-06-25,19240
comuna 7,94,2024-07-31,14132
comuna 11,15,2024-01-30,17925
comuna 15,76,2024-06-25,35679
comuna 15,93,2024-01-30,16421
comuna 7,67,2024-06-25,43123
comuna 3,71,2024-01-30,45510
comuna 15,74,2024-07-31,23223
comuna 12,16,2024-06-23,44688
comuna 5,76,2024-07-31,32800
comuna 16,37,2024-01-30,6182
comuna 3,57,2024-06-23,45467
comuna 11,75,2024-01-30,14457
comuna 5,15,2024-06-23,4224
comuna 12,80,2024-06-25,30021
comuna 4,34,2024-06-25,22143
comuna 5,73,2024-07-31,43861
comuna 6,16,2024-07-31,30095
comuna 2,70,2024-07-31,38728
comuna 1,79,2024-01-30,20552
comuna 4,79,2024-01-30,34262
comuna 2,24,2024-06-23,23034
comuna 11,66,2024-06-25,909
comuna 14,19,2024-06-25,30038
comuna 10,21,2024-06-23,26252
comuna 3,18,2024-01-30,23583
comuna 16,34,2024-06-23,36
comuna 10,80,2024-06-25,12341
comuna 2,60,2024-01-30,8231
comuna 8,71,2024-06-25,22072
comuna 14,44,2024-06-25,4048
comuna 15,32,2024-01-30,28137
comuna 2,16,2024-01-30,31802
comuna 2,84,2024-01-30,49210
comuna 15,42,2024-07-31,27702
comuna 4,26,2024-06-23,44357
comuna 14,72,2024-07-31,48556
comuna 16,37,2024-06-23,18038
comuna 1,60,2024-06-23,2579
comuna 7,35,2024-06-23,22859
comuna 11,10,2024-06-23,22301
comuna 3,43,2024-06-23,15154
comuna 5,39,2024-06-25,7268
comuna 9,53,2024-06-25,24283
comuna 11,56,2024-06-25,29985
comuna 9,42,2024-07-31,19343
comuna 4,27,2024-06-23,45438
comuna 3,15,2024-07-31,4597
comuna 4,95,2024-01-30,26276
comuna 13,82,2024-07-31,4716
comuna 14,94,2024-07-31,18110
comuna 11,70,2024-01-30,25471
comuna 6,18,2024-01-30,18068
comuna 16,18,2024-06-23,3393
comuna 16,60,2024-07-31,33751
comuna 15,15,2024-01-30,7482
comuna 9,64,2024-07-31,20773
comuna 9,14,2024-01-30,32762
comuna 11,73,2024-06-25,38863
comuna 9,37,2024-07-31,46759
comuna 2,28,2024-01-30,40045
comuna 12,94,2024-06-25,5042
comuna 10,58,2024-06-23,2738
comuna 8,67,2024-06-23,5154
comuna 7,53,2024-07-31,8393
comuna 16,67,2024-06-25,14680
comuna 11,40,2024-06-23,6428
comuna 1,99,2024-07-31,23062
comuna 11,17,2024-06-23,40638
comuna 3,30,2024-07-31,38549
comuna 15,35,2024-01-30,21828
comuna 6,28,2024-07-31,31775
comuna 12,80,2024-06-23,27568
comuna 15,40,2024-07-31,12820
comuna 2,50,2024-01-30,3321
comuna 8,39,2024-01-30,14093
comuna 2,48,2024-06-25,40209
comuna 9,45,2024-06-25,10183
comuna 9,52,2024-07-31,8694
comuna 5,98,2024-06-23,41702
comuna 8,22,2024-01-30,11456
comuna 3,76,2024-06-23,1156
comuna 8,72,2024-06-23,40054
comuna 15,21,2024-07-31,45813
comuna 14,35,2024-06-25,20345
comuna 15,55,2024-01-30,27292
comuna 7,54,2024-06-23,40175
comuna 4,34,2024-07-31,19475
comuna 8,48,2024-06-25,46819
comuna 15,64,2024-01-30,32870
comuna 15,73,2024-01-30,21396
comuna 3,63,2024-07-31,24011
comuna 11,61,2024-01-30,43109
comuna 11,61,2024-01-30,15189
comuna 10,81,2024-01-30,41428
comuna 14,61,2024-07-31,37307
comuna 13,90,2024-01-30,46708
comuna 12,84,2024-06-23,38202
comuna 1,83,2024-07-31,37570
comuna 12,81,2024-01-30,36691
comuna 1,62,2024-06-25,36528
comuna 8,80,2024-01-30,47944
comuna 14,71,2024-06-25,28370
comuna 3,61,2024-07-31,19395
comuna 10,98,2024-06-25,11274
comuna 14,67,2024-06-23,5246
comuna 11,52,2024-01-30,589
comuna 8,50,2024-06-25,7890
comuna 14,35,2024-07-31,5701
comuna 5,32,2024-07-31,2678
comuna 11,90,2024-06-25,9182
comuna 8,21,2024-06-23,14580
comuna 6,100,2024-06-25,48628
comuna 5,74,2024-01-30,48436
comuna 12,94,2024-06-25,48236
comuna 11,64,2024-01-30,45444
comuna 8,20,2024-01-30,17520
comuna 12,49,2024-06-25,14774
comuna 7,76,2024-01-30,36052
comuna 7,34,2024-06-25,44147
comuna 6,60,2024-06-23,23020
comuna 14,58,2024-06-25,46690
comuna 11,72,2024-06-25,19038
comuna 3,21,2024-07-31,43394
comuna 6,25,2024-01-30,26358
comuna 16,21,2024-07-31,27978
comuna 8,78,2024-06-23,48967
comuna 11,71,2024-01-30,38083
comuna 13,12,2024-06-23,38606
comuna 3,59,2024-06-23,19356
comuna 16,69,2024-06-25,34066
comuna 11,51,2024-06-23,21157
comuna 9,59,2024-07-31,19276
comuna 1,67,2024-01-30,17033
comuna 10,35,2024-06-23,8412
comuna 14,69,2024-06-23,29860
comuna 7,95,2024-07-31,3561
comuna 10,66,2024-01-30,44829
comuna 7,100,2024-07-31,4191
comuna 6,56,2024-06-23,19918
comuna 3,13,2024-01-30,24814
comuna 16,50,2024-06-23,5168
comuna 16,42,2024-07-31,3938
comuna 15,79,2024-07-31,20363
comuna 10,27,2024-06-23,34745
comuna 9,35,2024-06-25,6997
comuna 10,48,2024-06-25,48562
comuna 6,16,2024-06-25,42510
comuna 13,26,2024-07-31,46463
comuna 11,46,2024-07-31,21474
comuna 7,49,2024-01-30,13011
comuna 9,26,2024-01-30,11830
comuna 6,92,2024-07-31,38567
comuna 11,78,2024-07-31,14552
comuna 10,20,2024-06-25,41744
comuna 12,44,2024-07-31,1095
comuna 4,80,2024-01-30,39742
comuna 6,33,2024-06-23,47975
comuna 2,93,2024-06-25,794
comuna 3,20,2024-07-31,34212
comuna 2,81,2024-06-23,26620
comuna 5,63,2024-06-23,17840
comuna 1,28,2024-01-30,37707
comuna 3,52,2024-07-31,10467
comuna 4,91,2024-07-31,14202
comuna 8,96,2024-06-25,43312
comuna 7,80,2024-06-25,21844
comuna 4,81,2024-06-23,604
comuna 10,63,2024-06-25,4691
comuna 8,98,2024-06-25,21557
comuna 1,76,2024-06-23,2756
comuna 15,95,2024-07-31,13130
comuna 6,18,2024-06-23,13704
comuna 12,66,2024-01-30,6713
comuna 3,94,2024-06-23,3545
comuna 13,97,2024-01-30,41106
comuna 8,80,2024-01-30,46488
comuna 1,29,2024-07-31,37947
comuna 13,73,2024-06-25,45198
comuna 1,61,2024-01-30,975
comuna 2,83,2024-06-25,33359
comuna 5,48,2024-06-25,24972
comuna 1,36,2024-06-23,34118
comuna 4,35,2024-06-25,12825
comuna 11,98,2024-06-25,21636
comuna 12,72,2024-01-30,6017
comuna 10,27,2024-07-31,643
comuna 7,28,2024-07-31,19677
comuna 5,85,2024-06-23,1597
comuna 2,98,2024-01-30,39134
comuna 14,45,2024-01-30,44423
comuna 8,47,2024-07-31,3911
comuna 15,35,2024-06-25,29059
comuna 6,61,2024-01-30,23177
comuna 6,73,2024-01-30,45577
comuna 10,89,2024-06-25,24109
comuna 16,57,2024-07-31,5364
comuna 15,98,2024-06-23,2413
comuna 4,100,2024-01-30,48059
comuna 12,12,2024-07-31,27629
comuna 8,78,2024-07-31,13100
comuna 14,34,2024-06-25,49472
comuna 9,60,2024-01-30,41469
comuna 8,16,2024-01-30,29374
comuna 2,72,2024-07-31,48859
comuna 9,32,2024-06-25,14380
comuna 4,12,2024-07-31,169
comuna 14,60,2024-01-30,7365
comuna 1,15,2024-01-30,16214
comuna 11,62,2024-01-30,22066
comuna 14,95,2024-01-30,46055
comuna 1,48,2024-06-23,11976
comuna 15,49,2024-06-25,9520
comuna 8,16,2024-06-23,9166
comuna 11,89,2024-07-31,39514
comuna 9,25,2024-01-30,6923
comuna 3,73,2024-06-25,22983
comuna 11,87,2024-06-25,6777
comuna 16,50,2024-01-30,36867
comuna 5,79,2024-01-30,19739
comuna 15,23,2024-06-23,9961
comuna 5,36,2024-01-30,40783
comuna 5,30,2024-07-31,29543
comuna 15,96,2024-06-23,40823
comuna 14,33,2024-07-31,26395
comuna 13,37,2024-06-25,26664
comuna 16,68,2024-01-30,37349
comuna 14,13,2024-01-30,27700
comuna 16,10,2024-06-23,15281
comuna 10,59,2024-07-31,20826
comuna 15,87,2024-06-23,47213
comuna 9,80,2024-06-25,20259
comuna 13,30,2024-01-30,34192
comuna 16,18,2024-01-30,34465
comuna 12,40,2024-07-31,41616
comuna 10,92,2024-07-31,10427
comuna 12,72,2024-06-25,44702
comuna 5,70,2024-06-23,21073
comuna 5,46,2024-06-25,49229
comuna 1,74,2024-06-23,19882
comuna 16,89,2024-06-23,25835
comuna 2,93,2024-07-31,25711
comuna 7,87,2024-06-25,36849
comuna 6,42,2024-07-31,30297
comuna 7,65,2024-06-23,26204
comuna 12,68,2024-06-23,6441
comuna 16,47,2024-06-23,30270
comuna 15,100,2024-07-31,4956
comuna 15,95,2024-01-30,33553
comuna 14,87,2024-01-30,47707
comuna 8,50,2024-01-30,5654
comuna 9,63,2024-07-31,34803
comuna 6,59,2024-07-31,9718
comuna 13,97,2024-06-25,34897
comuna 6,21,2024-06-23,28455
comuna 7,51,2024-01-30,6836
comuna 10,60,2024-06-23,20201
comuna 5,58,2024-06-23,15077
comuna 5,99,2024-01-30,40682
comuna 7,84,2024-06-25,31723
comuna 15,92,2024-01-30,2022
comuna 6,65,2024-06-25,46678
comuna 15,45,2024-06-25,14939
comuna 7,87,2024-07-31,69
comuna 7,15,2024-07-31,10021
comuna 11,100,2024-07-31,37132
comuna 12,98,2024-06-25,32031
comuna 4,62,2024-01-30,15276
comuna 4,57,2024-06-25,31476
comuna 4,93,2024-06-25,21173
comuna 8,53,2024-06-25,3391
comuna 6,61,2024-07-31,22834
comuna 5,20,2024-01-30,21070
comuna 4,40,2024-01-30,11399
comuna 11,39,2024-06-25,11898
comuna 5,67,2024-06-23,3425
comuna 14,18,2024-01-30,9279
comuna 10,66,2024-07-31,39514
comuna 13,22,2024-06-23,25785
comuna 1,41,2024-01-30,20026
comuna 12,81,2024-06-25,21928
comuna 7,44,2024-01-30,14676
comuna 14,93,2024-06-23,31892
comuna 16,52,2024-01-30,39224
comuna 6,25,2024-01-30,40651
comuna 7,88,2024-06-25,32113
comuna 5,15,2024-06-25,30955
comuna 9,61,2024-07-31,37632
comuna 1,52,2024-07-31,45102
comuna 14,42,2024-01-30,32360
comuna 16,10,2024-07-31,6896
comuna 16,73,2024-06-23,18523
comuna 15,75,2024-06-23,29301
comuna 15,32,2024-07-31,34173
comuna 14,53,2024-07-31,47760
comuna 14,75,2024-07-31,30308
comuna 4,54,2024-06-23,46503
comuna 5,86,2024-07-31,1785
comuna 10,95,2024-06-25,49084
comuna 10,92,2024-01-30,9218
comuna 8,45,2024-06-23,16109
comuna 9,58,2024-01-30,27504
comuna 13,31,2024-07-31,49543
comuna 2,38,2024-06-25,41715
comuna 4,100,2024-06-25,26407
comuna 4,72,2024-06-25,29339
comuna 6,68,2024-01-30,30417
comuna 4,29,2024-06-25,25449
comuna 1,44,2024-06-23,40803
comuna 6,30,2024-06-23,9160
comuna 8,87,2024-06-25,45209
comuna 8,57,2024-07-31,30878
comuna 3,19,2024-01-30,34471
comuna 4,72,2024-01-30,38337
comuna 9,25,2024-07-31,44483
comuna 4,18,2024-01-30,36687
comuna 14,100,2024-06-23,37865
comuna 12,76,2024-06-23,31216
comuna 9,48,2024-06-23,27889
comuna 4,72,2024-07-31,47787
comuna 6,89,2024-06-25,27616
comuna 2,56,2024-07-31,36548
comuna 9,84,2024-01-30,34220
comuna 10,34,2024-07-31,2382
comuna 3,48,2024-07-31,14309
comuna 3,90,2024-06-25,25831
comuna 3,63,2024-06-25,22462
comuna 7,47,2024-07-31,32794
comuna 6,29,2024-01-30,25945
comuna 13,22,2024-01-30,29519
comuna 14,38,2024-06-23,25171
comuna 11,64,2024-01-30,49543
comuna 4,68,2024-07-31,17448
comuna 12,15,2024-06-23,28708
comuna 3,75,2024-01-30,32173
comuna 1,91,2024-01-30,29254
comuna 16,76,2024-01-30,18716
comuna 13,32,2024-01-30,42219
comuna 12,30,2024-06-25,42375
comuna 2,47,2024-01-30,23888
comuna 6,66,2024-06-23,36348
comuna 10,62,2024-06-23,30241
comuna 3,47,2024-06-23,48958
comuna 9,50,2024-06-23,31325
comuna 16,53,2024-01-30,3837
comuna 7,52,2024-06-25,45464
comuna 2,46,2024-01-30,10584
comuna 10,43,2024-01-30,1567
comuna 7,44,2024-06-25,1380
comuna 5,87,2024-07-31,30190
comuna 12,64,2024-06-25,18977
comuna 11,93,2024-06-25,32699
comuna 14,43,2024-06-23,15430
comuna 7,13,2024-01-30,38760
comuna 3,12,2024-06-23,40607
comuna 1,28,2024-07-31,26658
comuna 14,50,2024-01-30,17537
comuna 11,92,2024-06-23,30205
comuna 9,56,2024-06-25,37818
comuna 14,12,2024-06-23,44799
comuna 11,58,2024-06-25,22356
comuna 2,21,2024-06-23,31028
comuna 16,13,2024-01-30,5226
comuna 15,56,2024-07-31,1399
comuna 12,30,2024-06-25,12054
comuna 4,88,2024-07-31,38300
comuna 11,21,2024-01-30,16439
comuna 9,65,2024-07-31,41479
comuna 11,33,2024-06-25,49652
comuna 1,56,2024-06-25,25082
comuna 2,92,2024-07-31,46344
comuna 8,23,2024-06-25,22607
comuna 14,58,2024-01-30,41818
comuna 4,78,2024-06-23,13456
comuna 9,68,2024-07-31,19307
comuna 12,48,2024-06-23,35279
comuna 5,63,2024-07-31,36953
comuna 1,22,2024-07-31,2107
comuna 4,42,2024-06-23,42080
comuna 5,26,2024-06-23,2114
comuna 5,52,2024-06-23,36281
comuna 3,67,2024-07-31,30837
comuna 11,40,2024-01-30,30622
comuna 5,53,2024-07-31,19520
comuna 14,52,2024-06-23,49658
comuna 10,23,2024-07-31,3384
comuna 5,25,2024-06-23,3645
comuna 3,62,2024-06-25,17946
comuna 14,82,2024-06-25,47326
comuna 4,70,2024-06-23,49013
comuna 13,89,2024-01-30,37030
comuna 12,57,2024-06-25,45943
comuna 7,39,2024-06-25,24222
comuna 7,99,2024-07-31,22512
comuna 14,90,2024-06-23,14226
comuna 4,45,2024-07-31,37886
comuna 16,16,2024-07-31,44654
comuna 11,72,2024-07-31,40037
comuna 14,31,2024-01-30,16911
comuna 8,92,2024-06-25,37750
comuna 2,77,2024-01-30,8565
comuna 15,89,2024-07-31,36848
comuna 8,37,2024-06-23,14306
comuna 7,59,2024-07-31,43095
comuna 9,55,2024-01-30,26575
comuna 12,36,2024-01-30,9068
comuna 15,82,2024-06-23,5242
comuna 15,86,2024-07-31,6569
comuna 11,58,2024-06-23,21480
comuna 10,56,2024-06-23,4096
comuna 1,95,2024-06-23,42852
comuna 14,29,2024-06-25,27903
comuna 4,96,2024-06-23,20588
comuna 14,68,2024-06-25,17448
comuna 13,47,2024-07-31,43908
comuna 15,35,2024-07-31,47655
comuna 11,17,2024-01-30,33396
comuna 9,59,2024-06-25,16908
comuna 13,82,2024-01-30,27271
comuna 9,40,2024-01-30,14795
comuna 5,91,2024-06-23,21257
comuna 15,54,2024-06-25,9620
comuna 16,24,2024-01-30,40341
comuna 11,67,2024-06-23,12904
comuna 10,83,2024-01-30,11113
comuna 16,11,2024-07-31,38390
comuna 16,57,2024-06-25,34086
comuna 12,98,2024-06-25,40809
comuna 6,29,2024-06-23,7907
comuna 2,28,2024-06-25,35934
comuna 2,60,2024-07-31,4209
comuna 3,32,2024-07-31,13925
comuna 8,48,2024-06-25,42633
comuna 5,18,2024-01-30,2981
comuna 3,17,2024-01-30,10427
comuna 13,65,2024-06-23,18623
comuna 3,29,2024-06-23,32613
comuna 7,80,2024-01-30,22351
comuna 6,80,2024-01-30,14171
comuna 12,12,2024-06-25,29915
comuna 10,56,2024-06-25,44920
comuna 10,13,2024-01-30,46334
comuna 9,98,2024-06-25,38562
comuna 4,84,2024-06-25,40843
comuna 12,64,2024-06-25,2704
comuna 6,27,2024-01-30,6824
comuna 10,46,2024-07-31,39926
comuna 15,79,2024-07-31,25271
comuna 1,39,2024-07-31,5417
comuna 6,36,2024-06-25,41352
comuna 7,13,2024-06-23,6181
comuna 4,98,2024-06-23,12691
comuna 8,31,2024-01-30,39513
comuna 10,90,2024-06-23,46811
comuna 2,83,2024-06-23,48278
comuna 7,62,2024-07-31,17957
comuna 1,49,2024-06-23,37870
comuna 2,68,2024-07-31,28835
comuna 7,45,2024-01-30,34802
comuna 8,46,2024-07-31,31696
comuna 10,39,2024-01-30,48435
comuna 2,40,2024-01-30,14702
comuna 11,23,2024-06-23,9282
comuna 7,80,2024-07-31,41707
comuna 5,23,2024-07-31,43999
comuna 15,35,2024-06-23,13082
comuna 9,88,2024-06-25,38622
comuna 7,16,2024-06-25,24989
comuna 3,53,2024-06-25,47055
comuna 13,61,2024-06-25,13430
comuna 13,89,2024-01-30,6829
comuna 15,21,2024-06-25,16900
comuna 15,76,2024-06-25,39329
comuna 10,45,2024-01-30,35646
comuna 10,21,2024-07-31,7579
comuna 2,22,2024-01-30,30214
comuna 8,76,2024-06-23,19318
comuna 6,47,2024-06-25,34399
comuna 14,58,2024-01-30,11636
comuna 11,71,2024-07-31,28988
comuna 1,63,2024-06-23,47187
comuna 4,51,2024-01-30,38568
comuna 5,47,2024-07-31,45332
comuna 11,65,2024-07-31,4932
comuna 6,29,2024-01-30,19027
comuna 2,68,2024-06-25,12833
comuna 9,43,2024-07-31,20361
comuna 14,24,2024-07-31,45459
comuna 4,68,2024-01-30,23469
comuna 15,50,2024-06-25,21663
comuna 11,59,2024-06-25,9743
comuna 10,19,2024-06-23,48682
comuna 5,33,2024-06-25,17350
comuna 6,23,2024-06-25,38218
comuna 2,92,2024-01-30,37331
comuna 14,20,2024-07-31,34140
comuna 14,20,2024-06-23,12837
comuna 11,21,2024-01-30,48199
comuna 1,76,2024-07-31,9232
comuna 8,78,2024-06-23,27366
comuna 12,30,2024-07-31,21378
comuna 11,11,2024-06-23,11968
comuna 14,98,2024-06-23,5730
comuna 14,56,2024-06-25,7258
comuna 7,23,2024-01-30,6985
comuna 8,92,2024-07-31,15228
comuna 10,84,2024-07-31,13595
comuna 11,75,2024-06-23,16653
comuna 11,42,2024-06-23,17449
comuna 15,80,2024-06-25,13320
comuna 9,72,2024-07-31,35623
comuna 11,94,2024-06-23,14809
comuna 8,72,2024-07-31,27793
comuna 5,77,2024-06-25,15878
comuna 7,65,2024-01-30,41863
comuna 13,56,2024-06-23,46566
comuna 10,67,2024-06-23,38843
comuna 7,19,2024-07-31,2757
comuna 7,83,2024-01-30,17189
comuna 10,41,2024-01-30,22313
comuna 16,36,2024-01-30,8802
comuna 14,57,2024-06-25,49531
comuna 7,90,2024-07-31,49383
comuna 15,51,2024-06-25,11722
comuna 8,65,2024-07-31,5043
comuna 9,54,2024-01-30,19977
comuna 6,53,2024-01-30,48071
comuna 3,31,2024-01-30,42849
comuna 10,24,2024-06-25,8007
comuna 7,87,2024-06-23,44791
comuna 4,99,2024-07-31,7590
comuna 4,68,2024-01-30,23432
comuna 1,99,2024-01-30,18654
comuna 4,72,2024-01-30,7767
comuna 12,56,2024-06-23,47086
comuna 1,73,2024-06-23,7883
comuna 14,23,2024-06-25,40402
comuna 1,45,2024-01-30,22108
comuna 7,67,2024-07-31,34031
comuna 8,42,2024-07-31,47373
comuna 15,56,2024-06-23,40847
comuna 2,84,2024-07-31,509
comuna 13,89,2024-06-23,21817
comuna 14,97,2024-06-23,31575
comuna 14,41,2024-01-30,13496
comuna 13,16,2024-07-31,17438
comuna 9,18,2024-06-23,8053
comuna 8,25,2024-06-25,45524
comuna 13,98,2024-06-25,40955
comuna 9,24,2024-06-25,24526
comuna 5,32,2024-07-31,10336
comuna 6,32,2024-06-25,46430
comuna 5,63,2024-06-23,36711
comuna 8,72,2024-06-25,26872
comuna 3,82,2024-06-25,10602
comuna 12,18,2024-06-25,48170
comuna 4,85,2024-01-30,40749
comuna 14,72,2024-06-23,26579
comuna 16,37,2024-01-30,2069
comuna 10,53,2024-06-25,26786
comuna 9,84,2024-06-23,43712
comuna 1,84,2024-07-31,36550
comuna 1,53,2024-07-31,47556
comuna 14,81,2024-07-31,29862
comuna 7,97,2024-06-23,24283
comuna 16,46,2024-06-25,5890
comuna 6,98,2024-06-25,20809
comuna 4,96,2024-01-30,14626
comuna 1,48,2024-07-31,4862
comuna 11,23,2024-06-23,22468
comuna 7,94,2024-07-31,26482
comuna 12,52,2024-01-30,33171
comuna 15,57,2024-06-25,34970
comuna 16,46,2024-01-30,32390
comuna 1,31,2024-06-23,18356
comuna 13,26,2024-07-31,5375
